2013-02-17 12:05:40 +0000, 100, 100, 100, 1388, 1388, 4270, 99.000000
2013-02-17 12:05:44 +0000, 100, 100, 100, 1388, 1388, 4270, 99.000000
2013-02-17 12:06:00 +0000, 100, 100, 100, 1388, 1388, 4272, 99.000000
2013-02-17 12:06:05 +0000, 100, 100, 100, 1388, 1388, 4265, 99.000000
2013-02-17 12:19:08 +0000, 100, 100, 100, 1388, 1388, 4190, 100.000000
2013-02-17 12:19:08 +0000, 100, 100, 100, 1388, 1388, 4211, 100.000000
2013-02-17 12:19:08 +0000, 100, 100, 100, 1388, 1388, 4210, 100.000000
2013-02-17 12:19:08 +0000, 100, 100, 100, 1388, 1388, 4188, 100.000000
2013-02-17 12:19:08 +0000, 100, 100, 100, 1388, 1388, 4170, 100.000000
2013-02-17 12:19:08 +0000, 100, 100, 100, 1388, 1388, 4195, 100.000000
2013-02-17 12:19:09 +0000, 100, 100, 100, 1388, 1388, 4210, 100.000000
2013-02-17 12:19:09 +0000, 100, 100, 100, 1388, 1388, 4211, 100.000000
2013-02-17 12:19:09 +0000, 100, 100, 100, 1388, 1388, 4192, 100.000000
2013-02-17 12:19:09 +0000, 100, 100, 100, 1388, 1388, 4191, 100.000000
2013-02-17 12:19:09 +0000, 100, 100, 100, 1388, 1388, 4195, 100.000000
2013-02-17 12:19:09 +0000, 100, 100, 100, 1388, 1388, 4212, 100.000000
2013-02-17 12:19:09 +0000, 100, 100, 100, 1388, 1388, 4195, 100.000000
2013-02-17 12:19:09 +0000, 100, 100, 100, 1388, 1388, 4190, 100.000000
2013-02-17 12:19:09 +0000, 100, 100, 100, 1388, 1388, 4193, 100.000000
2013-02-17 12:19:09 +0000, 100, 100, 100, 1388, 1388, 4212, 100.000000
2013-02-17 12:19:09 +0000, 100, 100, 100, 1388, 1388, 4210, 100.000000
2013-02-17 12:20:00 +0000, 100, 100, 100, 1397, 1397, 4216, 100.000000
2013-02-17 12:21:00 +0000, 100, 100, 100, 1397, 1397, 4189, 100.000000
2013-02-17 12:22:00 +0000, 100, 99, 100, 1393, 1397, 4185, 100.000000
2013-02-17 12:23:00 +0000, 100, 99, 100, 1390, 1397, 4180, 99.000000
2013-02-17 12:24:00 +0000, 100, 99, 100, 1386, 1397, 4191, 99.000000
2013-02-17 12:25:00 +0000, 100, 98, 100, 1383, 1397, 4171, 99.000000
2013-02-17 12:26:00 +0000, 100, 98, 100, 1379, 1397, 4176, 99.000000
2013-02-17 12:27:00 +0000, 100, 98, 100, 1376, 1397, 4186, 98.000000
2013-02-17 12:28:00 +0000, 100, 98, 100, 1373, 1397, 4174, 98.000000
2013-02-17 12:29:00 +0000, 100, 97, 100, 1369, 1397, 4166, 98.000000
2013-02-17 12:30:00 +0000, 100, 97, 100, 1366, 1397, 4187, 98.000000
2013-02-17 12:31:00 +0000, 100, 97, 100, 1362, 1397, 4156, 97.000000
2013-02-17 12:32:00 +0000, 100, 97, 100, 1359, 1397, 4162, 97.000000
2013-02-17 12:33:00 +0000, 100, 97, 100, 1356, 1397, 4181, 97.000000
2013-02-17 12:34:00 +0000, 100, 96, 100, 1353, 1397, 4167, 97.000000
2013-02-17 12:35:00 +0000, 100, 96, 100, 1349, 1397, 4165, 97.000000
2013-02-17 12:36:00 +0000, 100, 96, 100, 1346, 1397, 4130, 96.000000
2013-02-17 12:37:00 +0000, 100, 96, 100, 1343, 1397, 4171, 96.000000
2013-02-17 12:38:00 +0000, 100, 95, 100, 1339, 1397, 4167, 96.000000
2013-02-17 12:39:00 +0000, 100, 95, 100, 1336, 1397, 4155, 96.000000
2013-02-17 12:40:00 +0000, 100, 95, 100, 1332, 1397, 4134, 95.000000
2013-02-17 12:41:00 +0000, 100, 95, 100, 1329, 1397, 4137, 95.000000
2013-02-17 12:42:00 +0000, 100, 94, 100, 1325, 1397, 4141, 95.000000
2013-02-17 12:43:00 +0000, 100, 94, 100, 1322, 1397, 4160, 95.000000
2013-02-17 12:44:00 +0000, 100, 94, 100, 1318, 1397, 4152, 94.000000
2013-02-17 12:45:00 +0000, 100, 94, 100, 1315, 1397, 4130, 94.000000
2013-02-17 12:45:04 +0000, 99, 94, 100, 1314, 1397, 4118, 94.000000
2013-02-17 12:46:00 +0000, 99, 93, 100, 1311, 1397, 4119, 94.000000
2013-02-17 12:47:00 +0000, 99, 93, 100, 1308, 1397, 4122, 94.000000
2013-02-17 12:48:00 +0000, 99, 93, 100, 1304, 1397, 4113, 93.000000
2013-02-17 12:49:00 +0000, 99, 93, 100, 1301, 1397, 4141, 93.000000
2013-02-17 12:49:05 +0000, 98, 93, 100, 1300, 1397, 4105, 93.000000
2013-02-17 12:50:00 +0000, 98, 92, 100, 1297, 1397, 4140, 93.000000
2013-02-17 12:50:46 +0000, 98, 92, 95, 1294, 1397, 4104, 93.000000
2013-02-17 12:51:00 +0000, 98, 92, 95, 1294, 1397, 4114, 93.000000
2013-02-17 12:52:00 +0000, 98, 92, 95, 1290, 1397, 4123, 92.000000
2013-02-17 12:52:47 +0000, 97, 92, 95, 1287, 1397, 4088, 92.000000
2013-02-17 12:53:00 +0000, 97, 92, 95, 1287, 1397, 4123, 92.000000
2013-02-17 12:54:00 +0000, 97, 91, 95, 1283, 1397, 4115, 92.000000
2013-02-17 12:55:00 +0000, 97, 91, 95, 1280, 1397, 4092, 92.000000
2013-02-17 12:56:00 +0000, 97, 91, 95, 1276, 1397, 4093, 91.000000
2013-02-17 12:56:28 +0000, 96, 91, 95, 1274, 1397, 4084, 91.000000
2013-02-17 12:57:00 +0000, 96, 91, 95, 1273, 1397, 4092, 91.000000
2013-02-17 12:58:00 +0000, 96, 90, 95, 1269, 1397, 4089, 91.000000
2013-02-17 12:58:03 +0000, 96, 90, 95, 1269, 1397, 4089, 91.000000
2013-02-17 12:59:00 +0000, 96, 90, 95, 1266, 1397, 4118, 91.000000
2013-02-17 12:59:54 +0000, 96, 90, 95, 1262, 1397, 4084, 90.000000
2013-02-17 13:00:00 +0000, 96, 90, 95, 1262, 1397, 4083, 90.000000
2013-02-17 13:00:09 +0000, 95, 90, 95, 1261, 1397, 4066, 90.000000
2013-02-17 13:00:17 +0000, 95, 90, 95, 1261, 1397, 4084, 90.000000
2013-02-17 13:01:00 +0000, 95, 90, 95, 1259, 1397, 4091, 90.000000
2013-02-17 13:02:00 +0000, 95, 89, 95, 1255, 1397, 4075, 90.000000
2013-02-17 13:03:00 +0000, 95, 89, 95, 1252, 1397, 4084, 90.000000
2013-02-17 13:03:50 +0000, 94, 89, 95, 1248, 1397, 4067, 89.000000
2013-02-17 13:04:00 +0000, 94, 89, 95, 1248, 1397, 4071, 89.000000
2013-02-17 13:05:00 +0000, 94, 89, 95, 1245, 1397, 4073, 89.000000
2013-02-17 13:06:00 +0000, 94, 88, 95, 1239, 1395, 4065, 89.000000
2013-02-17 13:07:00 +0000, 94, 88, 95, 1236, 1395, 4078, 89.000000
2013-02-17 13:07:32 +0000, 93, 88, 95, 1233, 1395, 4059, 89.000000
2013-02-17 13:08:00 +0000, 93, 88, 95, 1232, 1395, 4051, 88.000000
2013-02-17 13:09:00 +0000, 93, 88, 95, 1229, 1395, 4061, 88.000000
2013-02-17 13:09:12 +0000, 93, 87, 90, 1227, 1395, 4046, 88.000000
2013-02-17 13:10:00 +0000, 93, 87, 90, 1225, 1395, 4062, 88.000000
2013-02-17 13:11:00 +0000, 93, 87, 90, 1221, 1395, 4053, 88.000000
2013-02-17 13:11:13 +0000, 92, 87, 90, 1220, 1395, 4049, 88.000000
2013-02-17 13:12:00 +0000, 92, 87, 90, 1218, 1395, 4069, 87.000000
2013-02-17 13:13:00 +0000, 92, 87, 90, 1214, 1395, 4060, 87.000000
2013-02-17 13:14:00 +0000, 92, 86, 90, 1211, 1395, 4052, 87.000000
2013-02-17 13:14:54 +0000, 91, 86, 90, 1207, 1395, 4036, 87.000000
2013-02-17 13:15:00 +0000, 91, 86, 90, 1207, 1395, 4054, 87.000000
2013-02-17 13:16:00 +0000, 91, 86, 90, 1203, 1395, 4048, 86.000000
2013-02-17 13:17:00 +0000, 91, 86, 90, 1200, 1395, 4056, 86.000000
2013-02-17 13:18:00 +0000, 91, 85, 90, 1196, 1395, 4032, 86.000000
2013-02-17 13:18:35 +0000, 90, 85, 90, 1194, 1395, 4031, 86.000000
2013-02-17 13:19:00 +0000, 90, 85, 90, 1193, 1395, 4043, 86.000000
2013-02-17 13:20:00 +0000, 90, 85, 90, 1189, 1395, 4021, 85.000000
2013-02-17 13:21:00 +0000, 90, 85, 90, 1186, 1395, 4025, 85.000000
2013-02-17 13:22:00 +0000, 90, 84, 90, 1182, 1395, 4015, 85.000000
2013-02-17 13:22:17 +0000, 89, 84, 90, 1181, 1395, 4019, 85.000000
2013-02-17 13:23:00 +0000, 89, 84, 90, 1178, 1395, 4043, 84.000000
2013-02-17 13:24:00 +0000, 89, 84, 90, 1175, 1395, 4007, 84.000000
2013-02-17 13:25:00 +0000, 89, 83, 90, 1171, 1395, 4040, 84.000000
2013-02-17 13:25:58 +0000, 88, 83, 90, 1168, 1395, 4011, 84.000000
2013-02-17 13:26:00 +0000, 88, 83, 90, 1168, 1395, 4023, 84.000000
2013-02-17 13:27:00 +0000, 88, 83, 90, 1164, 1395, 4016, 83.000000
2013-02-17 13:27:59 +0000, 88, 83, 85, 1161, 1395, 4004, 83.000000
2013-02-17 13:28:00 +0000, 88, 83, 85, 1161, 1395, 4001, 83.000000
2013-02-17 13:29:00 +0000, 88, 82, 85, 1157, 1395, 4018, 83.000000
2013-02-17 13:29:39 +0000, 87, 82, 85, 1155, 1395, 4004, 83.000000
2013-02-17 13:30:00 +0000, 87, 82, 85, 1154, 1395, 4010, 83.000000
2013-02-17 13:31:00 +0000, 87, 82, 85, 1151, 1395, 4002, 83.000000
2013-02-17 13:32:00 +0000, 87, 82, 85, 1148, 1395, 3998, 82.000000
2013-02-17 13:33:00 +0000, 87, 82, 85, 1144, 1395, 4004, 82.000000
2013-02-17 13:33:20 +0000, 86, 81, 85, 1142, 1395, 3994, 82.000000
2013-02-17 13:34:00 +0000, 86, 81, 85, 1140, 1395, 4014, 82.000000
2013-02-17 13:35:00 +0000, 86, 81, 85, 1137, 1395, 4016, 82.000000
2013-02-17 13:35:28 +0000, 86, 81, 85, 1134, 1395, 3991, 81.000000
2013-02-17 13:36:00 +0000, 86, 81, 85, 1133, 1395, 4021, 81.000000
2013-02-17 13:37:00 +0000, 86, 81, 85, 1130, 1395, 3994, 81.000000
2013-02-17 13:37:02 +0000, 85, 80, 85, 1128, 1395, 3985, 81.000000
2013-02-17 13:37:15 +0000, 85, 80, 85, 1128, 1395, 3980, 81.000000
2013-02-17 13:38:00 +0000, 85, 80, 85, 1126, 1395, 3988, 81.000000
2013-02-17 13:39:00 +0000, 85, 80, 85, 1122, 1395, 4003, 80.000000
2013-02-17 13:40:00 +0000, 85, 80, 85, 1119, 1395, 3990, 80.000000
2013-02-17 13:40:23 +0000, 84, 80, 85, 1116, 1395, 3963, 80.000000
2013-02-17 13:41:00 +0000, 84, 79, 85, 1115, 1395, 3999, 80.000000
2013-02-17 13:42:00 +0000, 84, 79, 85, 1112, 1395, 3974, 80.000000
2013-02-17 13:43:00 +0000, 84, 79, 85, 1108, 1395, 3974, 79.000000
2013-02-17 13:44:00 +0000, 84, 79, 85, 1104, 1395, 3976, 79.000000
2013-02-17 13:44:24 +0000, 83, 78, 85, 1102, 1395, 3965, 79.000000
2013-02-17 13:45:00 +0000, 83, 78, 85, 1101, 1395, 3990, 79.000000
2013-02-17 13:46:00 +0000, 83, 78, 85, 1097, 1395, 4003, 79.000000
2013-02-17 13:46:05 +0000, 83, 78, 80, 1096, 1395, 3963, 79.000000
2013-02-17 13:47:00 +0000, 83, 78, 80, 1093, 1395, 3974, 78.000000
2013-02-17 13:48:00 +0000, 83, 78, 80, 1090, 1395, 3972, 78.000000
2013-02-17 13:48:05 +0000, 82, 78, 80, 1089, 1395, 3953, 78.000000
2013-02-17 13:49:00 +0000, 82, 77, 80, 1086, 1395, 3983, 78.000000
2013-02-17 13:50:00 +0000, 82, 77, 80, 1083, 1395, 3967, 78.000000
2013-02-17 13:51:00 +0000, 82, 77, 80, 1079, 1395, 3960, 77.000000
2013-02-17 13:51:47 +0000, 81, 77, 80, 1075, 1395, 3951, 77.000000
2013-02-17 13:52:00 +0000, 81, 77, 80, 1075, 1395, 3950, 77.000000
2013-02-17 13:53:00 +0000, 81, 76, 80, 1072, 1395, 3951, 77.000000
2013-02-17 13:54:00 +0000, 81, 76, 80, 1075, 1402, 3954, 77.000000
2013-02-17 13:55:00 +0000, 81, 76, 80, 1072, 1402, 3968, 76.000000
2013-02-17 13:55:28 +0000, 80, 76, 80, 1069, 1402, 3949, 76.000000
2013-02-17 13:56:00 +0000, 80, 76, 80, 1068, 1402, 3950, 76.000000
2013-02-17 13:57:00 +0000, 80, 75, 80, 1064, 1402, 3965, 76.000000
2013-02-17 13:58:00 +0000, 80, 75, 80, 1061, 1402, 3938, 76.000000
2013-02-17 13:59:00 +0000, 80, 75, 80, 1057, 1402, 3960, 75.000000
2013-02-17 13:59:25 +0000, 80, 75, 80, 1056, 1402, 3940, 75.000000
2013-02-17 13:59:29 +0000, 79, 75, 80, 1055, 1402, 3928, 75.000000
2013-02-17 13:59:34 +0000, 79, 75, 80, 1055, 1402, 3939, 75.000000
2013-02-17 14:00:00 +0000, 79, 75, 80, 1053, 1402, 3942, 75.000000
2013-02-17 14:01:00 +0000, 79, 74, 80, 1050, 1402, 3932, 75.000000
2013-02-17 14:02:00 +0000, 79, 74, 80, 1046, 1402, 3931, 75.000000
2013-02-17 14:03:00 +0000, 79, 74, 80, 1043, 1402, 3939, 74.000000
2013-02-17 14:03:11 +0000, 78, 74, 80, 1041, 1402, 3931, 74.000000
2013-02-17 14:04:00 +0000, 78, 74, 80, 1039, 1402, 3928, 74.000000
2013-02-17 14:04:31 +0000, 78, 73, 75, 1036, 1402, 3926, 74.000000
2013-02-17 14:05:00 +0000, 78, 73, 75, 1035, 1402, 3930, 74.000000
2013-02-17 14:06:00 +0000, 78, 73, 75, 1032, 1402, 3954, 74.000000
2013-02-17 14:06:32 +0000, 77, 73, 75, 1029, 1402, 3911, 73.000000
2013-02-17 14:07:00 +0000, 77, 73, 75, 1028, 1402, 3930, 73.000000
2013-02-17 14:08:00 +0000, 77, 73, 75, 1024, 1402, 3941, 73.000000
2013-02-17 14:09:00 +0000, 77, 72, 75, 1021, 1402, 3916, 73.000000
2013-02-17 14:10:00 +0000, 77, 72, 75, 1017, 1402, 3916, 73.000000
2013-02-17 14:10:13 +0000, 76, 72, 75, 1016, 1402, 3908, 73.000000
2013-02-17 14:11:00 +0000, 76, 72, 75, 1013, 1402, 3920, 72.000000
2013-02-17 14:12:00 +0000, 76, 71, 75, 1009, 1402, 3944, 72.000000
2013-02-17 14:13:00 +0000, 76, 71, 75, 1006, 1402, 3929, 72.000000
2013-02-17 14:13:34 +0000, 75, 71, 75, 1003, 1402, 3902, 72.000000
2013-02-17 14:14:00 +0000, 75, 71, 75, 1002, 1402, 3926, 71.000000
2013-02-17 14:15:00 +0000, 75, 71, 75, 998, 1402, 3922, 71.000000
2013-02-17 14:16:00 +0000, 75, 70, 75, 995, 1402, 3903, 71.000000
2013-02-17 14:17:00 +0000, 75, 70, 75, 991, 1402, 3898, 71.000000
2013-02-17 14:17:15 +0000, 74, 70, 75, 990, 1402, 3895, 71.000000
2013-02-17 14:18:00 +0000, 74, 70, 75, 987, 1402, 3904, 70.000000
2013-02-17 14:19:00 +0000, 74, 70, 75, 984, 1402, 3900, 70.000000
2013-02-17 14:20:00 +0000, 74, 69, 75, 980, 1402, 3923, 70.000000
2013-02-17 14:20:21 +0000, 74, 69, 75, 979, 1402, 3892, 70.000000
2013-02-17 14:20:57 +0000, 73, 69, 75, 976, 1402, 3887, 70.000000
2013-02-17 14:20:59 +0000, 73, 69, 75, 976, 1402, 3890, 70.000000
2013-02-17 14:21:00 +0000, 73, 69, 75, 976, 1402, 3886, 70.000000
2013-02-17 14:22:00 +0000, 73, 69, 75, 973, 1402, 3886, 69.000000
2013-02-17 14:22:37 +0000, 73, 69, 70, 970, 1402, 3881, 69.000000
2013-02-17 14:23:00 +0000, 73, 69, 70, 969, 1402, 3890, 69.000000
2013-02-17 14:24:00 +0000, 73, 68, 70, 965, 1402, 3916, 69.000000
2013-02-17 14:24:38 +0000, 72, 68, 70, 963, 1402, 3876, 69.000000
2013-02-17 14:25:00 +0000, 72, 68, 70, 962, 1402, 3901, 69.000000
2013-02-17 14:26:00 +0000, 72, 68, 70, 958, 1402, 3882, 68.000000
2013-02-17 14:27:00 +0000, 72, 68, 70, 954, 1402, 3896, 68.000000
2013-02-17 14:28:00 +0000, 72, 67, 70, 951, 1402, 3881, 68.000000
2013-02-17 14:28:19 +0000, 71, 67, 70, 949, 1402, 3873, 68.000000
2013-02-17 14:29:00 +0000, 71, 67, 70, 947, 1402, 3895, 68.000000
2013-02-17 14:30:00 +0000, 71, 67, 70, 944, 1402, 3903, 67.000000
2013-02-17 14:31:00 +0000, 71, 67, 70, 941, 1402, 3879, 67.000000
2013-02-17 14:31:40 +0000, 70, 66, 70, 937, 1402, 3853, 67.000000
2013-02-17 14:32:00 +0000, 70, 66, 70, 937, 1402, 3887, 67.000000
2013-02-17 14:33:00 +0000, 70, 66, 70, 933, 1402, 3884, 67.000000
2013-02-17 14:34:00 +0000, 70, 66, 70, 929, 1402, 3893, 66.000000
2013-02-17 14:35:00 +0000, 70, 66, 70, 926, 1402, 3898, 66.000000
2013-02-17 14:35:01 +0000, 69, 65, 70, 924, 1402, 3857, 66.000000
2013-02-17 14:36:00 +0000, 69, 65, 70, 922, 1402, 3896, 66.000000
2013-02-17 14:37:00 +0000, 69, 65, 70, 918, 1402, 3869, 65.000000
2013-02-17 14:38:00 +0000, 69, 65, 70, 915, 1402, 3853, 65.000000
2013-02-17 14:38:43 +0000, 68, 64, 70, 911, 1402, 3838, 65.000000
2013-02-17 14:39:00 +0000, 68, 64, 70, 911, 1402, 3855, 65.000000
2013-02-17 14:40:00 +0000, 68, 64, 70, 906, 1401, 3873, 65.000000
2013-02-17 14:40:23 +0000, 68, 64, 65, 904, 1401, 3843, 65.000000
2013-02-17 14:41:00 +0000, 68, 64, 65, 902, 1401, 3857, 64.000000
2013-02-17 14:42:00 +0000, 68, 64, 65, 899, 1401, 3867, 64.000000
2013-02-17 14:42:04 +0000, 67, 64, 65, 897, 1401, 3845, 64.000000
2013-02-17 14:43:00 +0000, 67, 63, 65, 895, 1401, 3863, 64.000000
2013-02-17 14:44:00 +0000, 67, 63, 65, 891, 1401, 3849, 64.000000
2013-02-17 14:45:00 +0000, 67, 63, 65, 887, 1401, 3848, 63.000000
2013-02-17 14:45:45 +0000, 66, 63, 65, 884, 1401, 3828, 63.000000
2013-02-17 14:46:00 +0000, 66, 63, 65, 884, 1401, 3860, 63.000000
2013-02-17 14:47:00 +0000, 66, 62, 65, 880, 1401, 3833, 63.000000
2013-02-17 14:48:00 +0000, 66, 62, 65, 876, 1401, 3834, 63.000000
2013-02-17 14:49:00 +0000, 66, 62, 65, 873, 1401, 3833, 62.000000
2013-02-17 14:49:06 +0000, 65, 62, 65, 871, 1401, 3824, 62.000000
2013-02-17 14:50:00 +0000, 65, 62, 65, 869, 1401, 3851, 62.000000
2013-02-17 14:51:00 +0000, 65, 61, 65, 865, 1401, 3849, 62.000000
2013-02-17 14:52:00 +0000, 65, 61, 65, 861, 1401, 3824, 61.000000
2013-02-17 14:52:48 +0000, 64, 61, 65, 858, 1401, 3819, 61.000000
2013-02-17 14:53:00 +0000, 64, 61, 65, 858, 1401, 3852, 61.000000
2013-02-17 14:54:00 +0000, 64, 60, 65, 854, 1401, 3829, 61.000000
2013-02-17 14:55:00 +0000, 64, 60, 65, 850, 1401, 3846, 61.000000
2013-02-17 14:56:00 +0000, 64, 60, 65, 846, 1401, 3822, 60.000000
2013-02-17 14:56:29 +0000, 63, 60, 65, 844, 1401, 3806, 60.000000
2013-02-17 14:57:00 +0000, 63, 60, 65, 843, 1401, 3815, 60.000000
2013-02-17 14:58:00 +0000, 63, 59, 65, 839, 1401, 3848, 60.000000
2013-02-17 14:58:09 +0000, 63, 59, 60, 838, 1401, 3798, 60.000000
2013-02-17 14:59:00 +0000, 63, 59, 60, 835, 1401, 3834, 60.000000
2013-02-17 14:59:50 +0000, 62, 59, 60, 831, 1401, 3796, 59.000000
2013-02-17 15:00:00 +0000, 62, 59, 60, 831, 1401, 3806, 59.000000
2013-02-17 15:01:00 +0000, 62, 59, 60, 828, 1401, 3815, 59.000000
2013-02-17 15:02:00 +0000, 62, 58, 60, 824, 1401, 3812, 59.000000
2013-02-17 15:03:00 +0000, 62, 58, 60, 820, 1401, 3796, 59.000000
2013-02-17 15:03:31 +0000, 61, 58, 60, 818, 1401, 3783, 58.000000
2013-02-17 15:04:00 +0000, 61, 58, 60, 816, 1401, 3817, 58.000000
2013-02-17 15:05:00 +0000, 61, 58, 60, 813, 1401, 3802, 58.000000
2013-02-17 15:06:00 +0000, 61, 57, 60, 809, 1401, 3793, 58.000000
2013-02-17 15:06:52 +0000, 60, 57, 60, 805, 1401, 3786, 58.000000
2013-02-17 15:07:00 +0000, 60, 57, 60, 805, 1401, 3796, 57.000000
2013-02-17 15:08:00 +0000, 60, 57, 60, 801, 1401, 3798, 57.000000
2013-02-17 15:09:00 +0000, 60, 56, 60, 797, 1401, 3808, 57.000000
2013-02-17 15:10:00 +0000, 60, 56, 60, 793, 1401, 3794, 57.000000
2013-02-17 15:10:13 +0000, 59, 56, 60, 792, 1401, 3776, 57.000000
2013-02-17 15:11:00 +0000, 59, 56, 60, 790, 1401, 3804, 56.000000
2013-02-17 15:12:00 +0000, 59, 56, 60, 786, 1401, 3778, 56.000000
2013-02-17 15:13:00 +0000, 59, 55, 60, 782, 1401, 3781, 56.000000
2013-02-17 15:13:55 +0000, 58, 55, 60, 778, 1401, 3782, 56.000000
2013-02-17 15:14:00 +0000, 58, 55, 60, 778, 1401, 3794, 56.000000
2013-02-17 15:15:00 +0000, 58, 55, 60, 774, 1401, 3785, 55.000000
2013-02-17 15:15:35 +0000, 58, 55, 55, 772, 1401, 3764, 55.000000
2013-02-17 15:16:00 +0000, 58, 55, 55, 771, 1401, 3771, 55.000000
2013-02-17 15:17:00 +0000, 58, 54, 55, 767, 1401, 3771, 55.000000
2013-02-17 15:17:16 +0000, 57, 54, 55, 765, 1401, 3775, 55.000000
2013-02-17 15:18:00 +0000, 57, 54, 55, 763, 1401, 3775, 54.000000
2013-02-17 15:19:00 +0000, 57, 54, 55, 759, 1401, 3765, 54.000000
2013-02-17 15:20:00 +0000, 57, 53, 55, 755, 1401, 3768, 54.000000
2013-02-17 15:20:37 +0000, 56, 53, 55, 753, 1401, 3752, 54.000000
2013-02-17 15:21:00 +0000, 56, 53, 55, 752, 1401, 3768, 54.000000
2013-02-17 15:22:00 +0000, 56, 53, 55, 748, 1401, 3762, 53.000000
2013-02-17 15:23:00 +0000, 56, 53, 55, 744, 1401, 3772, 53.000000
2013-02-17 15:24:00 +0000, 56, 52, 55, 740, 1401, 3765, 53.000000
2013-02-17 15:24:18 +0000, 55, 52, 55, 739, 1401, 3754, 53.000000
2013-02-17 15:25:00 +0000, 55, 52, 55, 736, 1401, 3755, 53.000000
2013-02-17 15:26:00 +0000, 55, 52, 55, 733, 1401, 3756, 52.000000
2013-02-17 15:27:00 +0000, 55, 52, 55, 729, 1401, 3775, 52.000000
2013-02-17 15:27:39 +0000, 54, 51, 55, 726, 1401, 3750, 52.000000
2013-02-17 15:28:00 +0000, 54, 51, 55, 726, 1401, 3789, 52.000000
2013-02-17 15:29:00 +0000, 54, 51, 55, 722, 1401, 3763, 52.000000
2013-02-17 15:30:00 +0000, 54, 51, 55, 719, 1401, 3752, 51.000000
2013-02-17 15:31:00 +0000, 54, 51, 55, 715, 1401, 3778, 51.000000
2013-02-17 15:31:01 +0000, 53, 50, 55, 713, 1401, 3742, 51.000000
2013-02-17 15:32:00 +0000, 53, 50, 55, 711, 1401, 3776, 51.000000
2013-02-17 15:32:41 +0000, 53, 50, 50, 707, 1401, 3742, 51.000000
2013-02-17 15:33:00 +0000, 53, 50, 50, 707, 1401, 3752, 50.000000
2013-02-17 15:34:00 +0000, 53, 50, 50, 703, 1401, 3753, 50.000000
2013-02-17 15:34:42 +0000, 52, 49, 50, 700, 1401, 3738, 50.000000
2013-02-17 15:35:00 +0000, 52, 49, 50, 700, 1401, 3743, 50.000000
2013-02-17 15:36:00 +0000, 52, 49, 50, 696, 1401, 3765, 50.000000
2013-02-17 15:37:00 +0000, 52, 49, 50, 692, 1401, 3747, 49.000000
2013-02-17 15:38:00 +0000, 52, 49, 50, 688, 1401, 3740, 49.000000
2013-02-17 15:38:03 +0000, 51, 49, 50, 687, 1401, 3736, 49.000000
2013-02-17 15:39:00 +0000, 51, 48, 50, 684, 1401, 3740, 49.000000
2013-02-17 15:40:00 +0000, 51, 48, 50, 680, 1401, 3759, 49.000000
2013-02-17 15:41:00 +0000, 51, 48, 50, 676, 1401, 3742, 48.000000
2013-02-17 15:41:24 +0000, 50, 48, 50, 674, 1401, 3731, 48.000000
2013-02-17 15:42:00 +0000, 50, 47, 50, 672, 1401, 3758, 48.000000
2013-02-17 15:43:00 +0000, 50, 47, 50, 669, 1401, 3757, 48.000000
2013-02-17 15:44:00 +0000, 50, 47, 50, 665, 1401, 3765, 47.000000
2013-02-17 15:44:45 +0000, 49, 47, 50, 661, 1401, 3727, 47.000000
2013-02-17 15:45:00 +0000, 49, 47, 50, 661, 1401, 3740, 47.000000
2013-02-17 15:46:00 +0000, 49, 46, 50, 657, 1401, 3741, 47.000000
2013-02-17 15:47:00 +0000, 49, 46, 50, 653, 1401, 3730, 47.000000
2013-02-17 15:48:00 +0000, 49, 46, 50, 650, 1401, 3725, 46.000000
2013-02-17 15:48:27 +0000, 48, 46, 50, 647, 1401, 3723, 46.000000
2013-02-17 15:49:00 +0000, 48, 46, 50, 646, 1401, 3748, 46.000000
2013-02-17 15:50:00 +0000, 48, 45, 50, 642, 1401, 3757, 46.000000
2013-02-17 15:50:07 +0000, 48, 45, 45, 641, 1401, 3723, 46.000000
2013-02-17 15:51:00 +0000, 48, 45, 45, 638, 1401, 3727, 46.000000
2013-02-17 15:51:48 +0000, 47, 45, 45, 634, 1401, 3720, 45.000000
2013-02-17 15:52:00 +0000, 47, 45, 45, 634, 1401, 3744, 45.000000
2013-02-17 15:53:00 +0000, 47, 44, 45, 630, 1401, 3722, 45.000000
2013-02-17 15:54:00 +0000, 47, 44, 45, 627, 1401, 3719, 45.000000
2013-02-17 15:55:00 +0000, 47, 44, 45, 623, 1401, 3729, 44.000000
2013-02-17 15:55:09 +0000, 46, 44, 45, 621, 1401, 3721, 44.000000
2013-02-17 15:56:00 +0000, 46, 44, 45, 619, 1401, 3716, 44.000000
2013-02-17 15:57:00 +0000, 46, 43, 45, 615, 1401, 3722, 44.000000
2013-02-17 15:58:00 +0000, 46, 43, 45, 611, 1401, 3734, 44.000000
2013-02-17 15:58:50 +0000, 45, 43, 45, 607, 1401, 3708, 43.000000
2013-02-17 15:59:00 +0000, 45, 43, 45, 607, 1401, 3718, 43.000000
2013-02-17 16:00:00 +0000, 45, 43, 45, 604, 1401, 3727, 43.000000
2013-02-17 16:01:00 +0000, 45, 42, 45, 600, 1401, 3704, 43.000000
2013-02-17 16:02:00 +0000, 45, 42, 45, 596, 1401, 3722, 43.000000
2013-02-17 16:02:11 +0000, 44, 42, 45, 595, 1401, 3709, 43.000000
2013-02-17 16:03:00 +0000, 44, 42, 45, 592, 1401, 3730, 42.000000
2013-02-17 16:04:00 +0000, 44, 41, 45, 588, 1401, 3731, 42.000000
2013-02-17 16:05:00 +0000, 44, 41, 45, 584, 1401, 3718, 42.000000
2013-02-17 16:05:32 +0000, 43, 41, 45, 582, 1401, 3703, 42.000000
2013-02-17 16:06:00 +0000, 43, 41, 45, 580, 1401, 3719, 41.000000
2013-02-17 16:07:00 +0000, 43, 41, 45, 576, 1401, 3727, 41.000000
2013-02-17 16:07:13 +0000, 43, 41, 40, 575, 1401, 3692, 41.000000
2013-02-17 16:08:00 +0000, 43, 40, 40, 573, 1401, 3711, 41.000000
2013-02-17 16:08:13 +0000, 42, 40, 40, 566, 1396, 3700, 41.000000
2013-02-17 16:09:00 +0000, 42, 40, 40, 564, 1396, 3715, 40.000000
2013-02-17 16:10:00 +0000, 42, 40, 40, 560, 1396, 3706, 40.000000
2013-02-17 16:11:00 +0000, 42, 39, 40, 556, 1396, 3706, 40.000000
2013-02-17 16:11:34 +0000, 41, 39, 40, 553, 1396, 3693, 40.000000
2013-02-17 16:12:00 +0000, 41, 39, 40, 552, 1396, 3724, 40.000000
2013-02-17 16:13:00 +0000, 41, 39, 40, 548, 1396, 3706, 39.000000
2013-02-17 16:14:00 +0000, 41, 38, 40, 544, 1396, 3708, 39.000000
2013-02-17 16:14:56 +0000, 40, 38, 40, 540, 1396, 3685, 39.000000
2013-02-17 16:15:00 +0000, 40, 38, 40, 540, 1396, 3704, 39.000000
2013-02-17 16:16:00 +0000, 40, 38, 40, 537, 1396, 3697, 38.000000
2013-02-17 16:17:00 +0000, 40, 38, 40, 533, 1396, 3706, 38.000000
2013-02-17 16:17:25 +0000, 40, 38, 40, 531, 1396, 3696, 38.000000
2013-02-17 16:18:00 +0000, 40, 37, 40, 529, 1396, 3700, 38.000000
2013-02-17 16:18:37 +0000, 39, 37, 40, 526, 1396, 3687, 38.000000
2013-02-17 16:18:52 +0000, 39, 37, 40, 526, 1396, 3694, 38.000000
2013-02-17 16:19:00 +0000, 39, 37, 40, 525, 1396, 3695, 38.000000
2013-02-17 16:20:00 +0000, 39, 37, 40, 521, 1396, 3710, 37.000000
2013-02-17 16:21:00 +0000, 39, 37, 40, 517, 1396, 3689, 37.000000
2013-02-17 16:21:58 +0000, 38, 36, 40, 513, 1396, 3675, 37.000000
2013-02-17 16:22:00 +0000, 38, 36, 40, 513, 1396, 3688, 37.000000
2013-02-17 16:23:00 +0000, 38, 36, 40, 509, 1396, 3693, 36.000000
2013-02-17 16:23:18 +0000, 38, 36, 35, 508, 1396, 3688, 36.000000
2013-02-17 16:24:00 +0000, 38, 36, 35, 506, 1396, 3688, 36.000000
2013-02-17 16:25:00 +0000, 38, 35, 35, 502, 1396, 3720, 36.000000
2013-02-17 16:25:19 +0000, 37, 35, 35, 500, 1396, 3678, 36.000000
2013-02-17 16:26:00 +0000, 37, 35, 35, 498, 1396, 3686, 36.000000
2013-02-17 16:27:00 +0000, 37, 35, 35, 495, 1396, 3708, 35.000000
2013-02-17 16:28:00 +0000, 37, 35, 35, 491, 1396, 3687, 35.000000
2013-02-17 16:28:40 +0000, 36, 34, 35, 488, 1396, 3677, 35.000000
2013-02-17 16:29:00 +0000, 36, 34, 35, 488, 1396, 3667, 35.000000
2013-02-17 16:30:00 +0000, 36, 34, 35, 484, 1396, 3687, 35.000000
2013-02-17 16:31:00 +0000, 36, 34, 35, 480, 1396, 3688, 34.000000
2013-02-17 16:32:00 +0000, 36, 34, 35, 476, 1396, 3692, 34.000000
2013-02-17 16:32:01 +0000, 35, 34, 35, 475, 1396, 3676, 34.000000
2013-02-17 16:33:00 +0000, 35, 33, 35, 472, 1396, 3685, 34.000000
2013-02-17 16:34:00 +0000, 35, 33, 35, 468, 1396, 3697, 34.000000
2013-02-17 16:35:00 +0000, 35, 33, 35, 464, 1396, 3682, 33.000000
2013-02-17 16:35:23 +0000, 34, 33, 35, 461, 1396, 3679, 33.000000
2013-02-17 16:36:00 +0000, 34, 32, 35, 460, 1396, 3699, 33.000000
2013-02-17 16:37:00 +0000, 34, 32, 35, 456, 1396, 3684, 33.000000
2013-02-17 16:38:00 +0000, 34, 32, 35, 452, 1396, 3710, 32.000000
2013-02-17 16:38:44 +0000, 33, 32, 35, 449, 1396, 3670, 32.000000
2013-02-17 16:38:56 +0000, 33, 32, 35, 449, 1396, 3677, 32.000000
2013-02-17 16:39:00 +0000, 33, 32, 35, 449, 1396, 3705, 32.000000
2013-02-17 16:39:02 +0000, 33, 32, 35, 449, 1396, 3671, 32.000000
2013-02-17 16:40:00 +0000, 33, 31, 35, 445, 1396, 3706, 32.000000
2013-02-17 16:40:24 +0000, 33, 31, 30, 442, 1396, 3662, 32.000000
2013-02-17 16:41:00 +0000, 33, 31, 30, 441, 1396, 3674, 32.000000
2013-02-17 16:42:00 +0000, 33, 31, 30, 437, 1396, 3694, 31.000000
2013-02-17 16:42:05 +0000, 32, 31, 30, 436, 1396, 3667, 31.000000
2013-02-17 16:43:00 +0000, 32, 31, 30, 433, 1396, 3694, 31.000000
2013-02-17 16:44:00 +0000, 32, 30, 30, 429, 1396, 3665, 31.000000
2013-02-17 16:45:00 +0000, 32, 30, 30, 425, 1396, 3670, 30.000000
2013-02-17 16:45:26 +0000, 31, 30, 30, 423, 1396, 3648, 30.000000
2013-02-17 16:46:00 +0000, 31, 30, 30, 421, 1396, 3692, 30.000000
2013-02-17 16:47:00 +0000, 31, 29, 30, 417, 1396, 3671, 30.000000
2013-02-17 16:47:55 +0000, 31, 29, 30, 414, 1396, 3662, 30.000000
2013-02-17 16:48:00 +0000, 31, 29, 30, 414, 1396, 3672, 30.000000
2013-02-17 16:48:47 +0000, 30, 29, 30, 410, 1396, 3662, 29.000000
2013-02-17 16:49:00 +0000, 30, 29, 30, 410, 1396, 3665, 29.000000
2013-02-17 16:50:00 +0000, 30, 29, 30, 406, 1396, 3701, 29.000000
2013-02-17 16:51:00 +0000, 30, 28, 30, 402, 1396, 3665, 29.000000
2013-02-17 16:51:01 +0000, 30, 28, 30, 402, 1396, 3666, 29.000000
2013-02-17 16:52:00 +0000, 30, 28, 30, 399, 1396, 3699, 29.000000
2013-02-17 16:53:00 +0000, 30, 28, 30, 400, 1402, 3689, 29.000000
2013-02-17 16:53:29 +0000, 29, 28, 30, 397, 1402, 3656, 28.000000
2013-02-17 16:54:00 +0000, 29, 28, 30, 396, 1402, 3667, 28.000000
2013-02-17 16:55:00 +0000, 29, 27, 30, 392, 1402, 3691, 28.000000
2013-02-17 16:56:00 +0000, 29, 27, 30, 388, 1402, 3677, 28.000000
2013-02-17 16:56:50 +0000, 28, 27, 30, 385, 1402, 3648, 28.000000
2013-02-17 16:57:00 +0000, 28, 27, 30, 385, 1402, 3679, 27.000000
2013-02-17 16:58:00 +0000, 28, 27, 30, 381, 1402, 3664, 27.000000
2013-02-17 16:58:30 +0000, 28, 26, 25, 378, 1402, 3652, 27.000000
2013-02-17 16:59:00 +0000, 28, 26, 25, 377, 1402, 3659, 27.000000
2013-02-17 17:00:00 +0000, 28, 26, 25, 373, 1402, 3667, 27.000000
2013-02-17 17:00:11 +0000, 27, 26, 25, 371, 1402, 3646, 27.000000
2013-02-17 17:01:00 +0000, 27, 26, 25, 369, 1402, 3679, 26.000000
2013-02-17 17:02:00 +0000, 27, 26, 25, 365, 1402, 3653, 26.000000
2013-02-17 17:03:00 +0000, 27, 25, 25, 361, 1402, 3663, 26.000000
2013-02-17 17:03:19 +0000, 27, 25, 25, 360, 1402, 3646, 26.000000
2013-02-17 17:03:32 +0000, 26, 25, 25, 358, 1402, 3645, 26.000000
2013-02-17 17:04:00 +0000, 26, 25, 25, 357, 1402, 3653, 25.000000
2013-02-17 17:05:00 +0000, 26, 25, 25, 353, 1402, 3643, 25.000000
2013-02-17 17:06:00 +0000, 26, 24, 25, 349, 1402, 3651, 25.000000
2013-02-17 17:06:51 +0000, 26, 24, 25, 347, 1402, 3649, 25.000000
2013-02-17 17:06:53 +0000, 25, 24, 25, 345, 1402, 3649, 25.000000
2013-02-17 17:07:00 +0000, 25, 24, 25, 345, 1402, 3631, 25.000000
2013-02-17 17:08:00 +0000, 25, 24, 25, 341, 1402, 3649, 24.000000
2013-02-17 17:09:00 +0000, 25, 24, 25, 338, 1402, 3634, 24.000000
2013-02-17 17:10:00 +0000, 25, 23, 25, 333, 1402, 3655, 24.000000
2013-02-17 17:10:14 +0000, 24, 23, 25, 331, 1402, 3643, 24.000000
2013-02-17 17:11:00 +0000, 24, 23, 25, 329, 1402, 3638, 23.000000
2013-02-17 17:12:00 +0000, 24, 23, 25, 325, 1402, 3648, 23.000000
2013-02-17 17:13:00 +0000, 24, 22, 25, 321, 1402, 3668, 23.000000
2013-02-17 17:13:36 +0000, 23, 22, 25, 318, 1402, 3640, 23.000000
2013-02-17 17:14:00 +0000, 23, 22, 25, 317, 1402, 3663, 23.000000
2013-02-17 17:14:56 +0000, 23, 22, 20, 313, 1402, 3611, 22.000000
2013-02-17 17:15:00 +0000, 23, 22, 20, 313, 1402, 3641, 22.000000
2013-02-17 17:16:00 +0000, 23, 22, 20, 309, 1402, 3642, 22.000000
2013-02-17 17:16:37 +0000, 22, 21, 20, 306, 1402, 3628, 22.000000
2013-02-17 17:17:00 +0000, 22, 21, 20, 305, 1402, 3635, 22.000000
2013-02-17 17:18:00 +0000, 22, 21, 20, 301, 1402, 3645, 21.000000
2013-02-17 17:19:00 +0000, 22, 21, 20, 297, 1402, 3635, 21.000000
2013-02-17 17:19:58 +0000, 21, 20, 20, 293, 1402, 3629, 21.000000
2013-02-17 17:20:00 +0000, 21, 20, 20, 293, 1402, 3658, 21.000000
2013-02-17 17:21:00 +0000, 21, 20, 20, 289, 1402, 3651, 21.000000
2013-02-17 17:22:00 +0000, 21, 20, 20, 285, 1402, 3625, 20.000000
2013-02-17 17:23:00 +0000, 21, 20, 20, 281, 1402, 3627, 20.000000
2013-02-17 17:23:18 +0000, 21, 20, 20, 281, 1402, 3624, 20.000000
2013-02-17 17:23:19 +0000, 20, 19, 20, 280, 1402, 3627, 20.000000
2013-02-17 17:23:19 +0000, 20, 19, 20, 0, 1402, 3653, 20.000000
2013-02-17 17:24:00 +0000, 20, 19, 20, 278, 1402, 3640, 20.000000
2013-02-17 17:25:00 +0000, 20, 19, 20, 275, 1402, 3630, 20.000000
2013-02-17 17:26:00 +0000, 20, 19, 20, 271, 1402, 3647, 19.000000
2013-02-17 17:27:00 +0000, 20, 19, 20, 267, 1402, 3638, 19.000000
2013-02-17 17:27:00 +0000, 19, 18, 20, 266, 1402, 3609, 19.000000
2013-02-17 17:28:00 +0000, 19, 18, 20, 263, 1402, 3634, 19.000000
2013-02-17 17:29:00 +0000, 19, 18, 20, 259, 1402, 3647, 18.000000
2013-02-17 17:30:00 +0000, 19, 18, 20, 255, 1402, 3642, 18.000000
2013-02-17 17:30:41 +0000, 18, 17, 20, 251, 1402, 3611, 18.000000
2013-02-17 17:31:00 +0000, 18, 17, 20, 251, 1402, 3642, 18.000000
2013-02-17 17:32:00 +0000, 18, 17, 20, 247, 1402, 3639, 18.000000
2013-02-17 17:32:22 +0000, 18, 17, 15, 245, 1402, 3611, 18.000000
2013-02-17 17:33:00 +0000, 18, 17, 15, 243, 1402, 3651, 17.000000
2013-02-17 17:34:00 +0000, 18, 17, 15, 239, 1402, 3616, 17.000000
2013-02-17 17:34:03 +0000, 17, 16, 15, 238, 1402, 3607, 17.000000
2013-02-17 17:34:32 +0000, 17, 16, 15, 237, 1402, 3615, 17.000000
2013-02-17 17:35:00 +0000, 17, 16, 15, 230, 1397, 3622, 16.000000
2013-02-17 17:36:00 +0000, 17, 16, 15, 226, 1397, 3612, 16.000000
2013-02-17 17:36:44 +0000, 16, 15, 15, 222, 1397, 3602, 16.000000
2013-02-17 17:37:00 +0000, 16, 15, 15, 222, 1397, 3627, 16.000000
2013-02-17 17:37:57 +0000, 16, 15, 15, 218, 1397, 3595, 16.000000
2013-02-17 17:38:00 +0000, 16, 15, 15, 218, 1397, 3624, 16.000000
2013-02-17 17:39:00 +0000, 16, 15, 15, 214, 1397, 3610, 15.000000
2013-02-17 17:40:00 +0000, 16, 15, 15, 210, 1397, 3611, 15.000000
2013-02-17 17:40:05 +0000, 15, 14, 15, 209, 1397, 3586, 15.000000
2013-02-17 17:41:00 +0000, 15, 14, 15, 206, 1397, 3621, 15.000000
2013-02-17 17:42:00 +0000, 15, 14, 15, 202, 1397, 3604, 14.000000
2013-02-17 17:43:00 +0000, 15, 14, 15, 198, 1397, 3601, 14.000000
2013-02-17 17:43:46 +0000, 14, 13, 15, 194, 1397, 3572, 14.000000
2013-02-17 17:44:00 +0000, 14, 13, 15, 194, 1397, 3589, 14.000000
2013-02-17 17:45:00 +0000, 14, 13, 15, 190, 1397, 3606, 14.000000
2013-02-17 17:46:00 +0000, 14, 13, 15, 186, 1397, 3581, 13.000000
2013-02-17 17:47:00 +0000, 14, 13, 15, 182, 1397, 3605, 13.000000
2013-02-17 17:47:47 +0000, 13, 12, 15, 180, 1399, 3569, 13.000000
2013-02-17 17:48:00 +0000, 13, 12, 15, 180, 1399, 3603, 13.000000
2013-02-17 17:49:00 +0000, 13, 12, 15, 176, 1399, 3598, 13.000000
2013-02-17 17:49:28 +0000, 13, 12, 10, 174, 1399, 3570, 13.000000
2013-02-17 17:50:00 +0000, 13, 12, 10, 172, 1399, 3595, 12.000000
2013-02-17 17:51:00 +0000, 13, 12, 10, 168, 1399, 3595, 12.000000
2013-02-17 17:51:08 +0000, 12, 11, 10, 167, 1399, 3569, 12.000000
2013-02-17 17:52:00 +0000, 12, 11, 10, 164, 1399, 3580, 12.000000
2013-02-17 17:53:00 +0000, 12, 11, 10, 160, 1399, 3594, 11.000000
2013-02-17 17:54:00 +0000, 12, 11, 10, 156, 1399, 3592, 11.000000
2013-02-17 17:54:50 +0000, 11, 10, 10, 152, 1399, 3552, 11.000000
2013-02-17 17:55:00 +0000, 11, 10, 10, 152, 1399, 3563, 11.000000
2013-02-17 17:56:00 +0000, 11, 10, 10, 148, 1399, 3572, 11.000000
2013-02-17 17:57:00 +0000, 11, 10, 10, 144, 1399, 3565, 10.000000
2013-02-17 17:58:00 +0000, 11, 10, 10, 140, 1399, 3586, 10.000000
2013-02-17 17:58:11 +0000, 10, 9, 10, 139, 1399, 3560, 10.000000
2013-02-17 17:59:00 +0000, 10, 9, 10, 128, 1391, 3571, 9.000000
2013-02-17 18:00:00 +0000, 10, 9, 10, 126, 1393, 3582, 9.000000
2013-02-17 18:00:12 +0000, 9, 8, 10, 125, 1393, 3544, 9.000000
2013-02-17 18:01:00 +0000, 9, 8, 10, 123, 1394, 3583, 9.000000
2013-02-17 18:02:00 +0000, 9, 8, 10, 122, 1397, 3558, 9.000000
2013-02-17 18:03:00 +0000, 9, 8, 10, 115, 1394, 3569, 8.000000
2013-02-17 18:03:53 +0000, 8, 7, 10, 109, 1392, 3551, 8.000000
2013-02-17 18:04:00 +0000, 8, 7, 10, 109, 1392, 3553, 8.000000
2013-02-17 18:05:00 +0000, 8, 7, 10, 106, 1393, 3576, 8.000000
2013-02-17 18:05:53 +0000, 8, 7, 5, 103, 1394, 3549, 8.000000
2013-02-17 18:06:00 +0000, 8, 7, 5, 103, 1394, 3552, 7.000000
2013-02-17 18:07:00 +0000, 8, 7, 5, 99, 1394, 3577, 7.000000
2013-02-17 18:07:34 +0000, 7, 6, 5, 97, 1395, 3544, 7.000000
2013-02-17 18:08:00 +0000, 7, 6, 5, 97, 1396, 3562, 7.000000
2013-02-17 18:09:00 +0000, 7, 6, 5, 94, 1397, 3567, 7.000000
2013-02-17 18:10:00 +0000, 7, 6, 5, 89, 1396, 3547, 6.000000
2013-02-17 18:10:55 +0000, 6, 5, 5, 82, 1393, 3540, 6.000000
2013-02-17 18:11:00 +0000, 6, 5, 5, 82, 1393, 3568, 6.000000
2013-02-17 18:12:00 +0000, 6, 5, 5, 75, 1390, 3550, 5.000000
2013-02-17 18:12:56 +0000, 5, 4, 5, 69, 1388, 3532, 5.000000
2013-02-17 18:13:00 +0000, 5, 4, 5, 69, 1388, 3550, 5.000000
2013-02-17 18:14:00 +0000, 5, 4, 5, 65, 1388, 3540, 5.000000
2013-02-17 18:15:00 +0000, 5, 4, 5, 65, 1388, 3540, 5.000000
2013-02-17 18:16:00 +0000, 5, 4, 5, 64, 1396, 3536, 5.000000
2013-02-17 18:17:00 +0000, 5, 4, 5, 62, 1398, 3558, 4.000000
2013-02-17 18:17:58 +0000, 4, 3, 5, 55, 1395, 3521, 4.000000
2013-02-17 18:18:00 +0000, 4, 3, 5, 55, 1395, 3542, 4.000000
2013-02-17 18:19:00 +0000, 4, 3, 5, 49, 1393, 3523, 4.000000
2013-02-17 18:20:00 +0000, 4, 3, 5, 45, 1393, 3542, 3.000000
2013-02-17 18:20:59 +0000, 3, 2, 5, 40, 1392, 3509, 3.000000
2013-02-17 18:21:00 +0000, 3, 2, 5, 40, 1392, 3512, 3.000000
2013-02-17 18:22:00 +0000, 3, 2, 5, 36, 1392, 3497, 3.000000
2013-02-17 18:22:40 +0000, 3, 2, 0, 34, 1393, 3500, 3.000000
2013-02-17 18:23:00 +0000, 3, 2, 0, 34, 1393, 3504, 2.000000
2013-02-17 18:24:00 +0000, 3, 2, 0, 30, 1393, 3524, 2.000000
2013-02-17 18:24:21 +0000, 2, 1, 0, 25, 1391, 3482, 2.000000
2013-02-17 18:25:00 +0000, 2, 1, 0, 24, 1391, 3515, 2.000000
2013-02-17 18:26:00 +0000, 2, 1, 0, 14, 1385, 3508, 1.000000
2013-02-17 18:26:02 +0000, 1, 0, 0, 11, 1383, 3477, 1.000000
2013-02-17 18:27:00 +0000, 1, 0, 0, 5, 1380, 3495, 0.000000
2013-02-17 18:28:00 +0000, 1, 0, 0, 0, 1378, 3458, 0.000000
2013-02-17 18:29:00 +0000, 1, 0, 0, 0, 1378, 3464, 0.000000
2013-02-17 18:30:00 +0000, 1, 0, 0, 0, 1384, 3462, 0.000000
2013-02-17 18:31:00 +0000, 1, 0, 0, 0, 1382, 3428, 0.000000
2013-02-17 18:32:00 +0000, 1, 0, 0, 0, 1382, 3435, 0.000000
2013-02-17 18:33:00 +0000, 1, 0, 0, 0, 1380, 3412, 0.000000
2013-02-17 18:34:00 +0000, 1, 0, 0, 0, 1380, 3408, 0.000000
2013-02-17 18:35:00 +0000, 1, 0, 0, 0, 1382, 3369, 0.000000
2013-02-17 18:35:41 +0000, 1, 0, 0, 0, 1381, 3376, 0.000000
2013-02-17 18:36:00 +0000, 1, 0, 0, 0, 1381, 3348, 0.000000

2013-02-17 18:36:01 +0000, 0, 0, 0, 0, 0, 0, 0.000000

2013-02-17 18:41:53 +0000, 0, 0, 0, 0, 0, 0, 0.000000

2013-02-17 18:41:54 +0000, 5, 4, 5, 56, 1384, 3792, 4.000000
2013-02-17 18:42:00 +0000, 5, 4, 5, 56, 1384, 3781, 4.000000
2013-02-17 18:42:00 +0000, 5, 4, 5, 56, 1384, 3779, 4.000000
2013-02-17 18:42:00 +0000, 5, 4, 5, 0, 1384, 3778, 4.000000
2013-02-17 18:42:05 +0000, 5, 4, 5, 56, 1384, 3792, 4.000000
2013-02-17 18:42:07 +0000, 5, 4, 5, 56, 1384, 3769, 4.000000
2013-02-17 18:42:07 +0000, 5, 4, 5, 56, 1384, 3767, 4.000000
2013-02-17 18:42:07 +0000, 5, 4, 5, 56, 1384, 3764, 4.000000
2013-02-17 18:42:08 +0000, 5, 4, 5, 56, 1384, 3763, 4.000000
2013-02-17 18:43:00 +0000, 5, 4, 5, 68, 1384, 3829, 5.000000
2013-02-17 18:43:14 +0000, 6, 5, 5, 72, 1384, 3796, 5.000000
2013-02-17 18:44:00 +0000, 6, 5, 5, 82, 1384, 3815, 6.000000
2013-02-17 18:44:15 +0000, 7, 6, 5, 87, 1384, 3803, 6.000000
2013-02-17 18:45:00 +0000, 7, 6, 5, 96, 1384, 3829, 7.000000
2013-02-17 18:45:15 +0000, 8, 7, 5, 100, 1384, 3807, 7.000000
2013-02-17 18:45:35 +0000, 8, 7, 10, 105, 1384, 3810, 7.000000
2013-02-17 18:46:00 +0000, 8, 7, 10, 110, 1384, 3847, 8.000000
2013-02-17 18:46:15 +0000, 9, 8, 10, 115, 1384, 3804, 8.000000
2013-02-17 18:47:00 +0000, 9, 8, 10, 124, 1384, 3854, 9.000000
2013-02-17 18:47:16 +0000, 10, 9, 10, 129, 1384, 3819, 9.000000
2013-02-17 18:47:56 +0000, 11, 10, 10, 139, 1384, 3822, 10.000000
2013-02-17 18:48:00 +0000, 11, 10, 10, 139, 1384, 3859, 10.000000
2013-02-17 18:48:56 +0000, 12, 11, 10, 153, 1384, 3823, 11.000000
2013-02-17 18:49:00 +0000, 12, 11, 10, 153, 1384, 3867, 11.000000
2013-02-17 18:49:57 +0000, 13, 12, 10, 167, 1384, 3846, 12.000000
2013-02-17 18:50:00 +0000, 13, 12, 10, 167, 1384, 3874, 12.000000
2013-02-17 18:50:37 +0000, 13, 12, 15, 177, 1384, 3843, 12.000000
2013-02-17 18:50:57 +0000, 14, 13, 15, 182, 1384, 3832, 13.000000
2013-02-17 18:51:00 +0000, 14, 13, 15, 182, 1384, 3879, 13.000000
2013-02-17 18:51:57 +0000, 15, 14, 15, 196, 1384, 3851, 14.000000
2013-02-17 18:52:00 +0000, 15, 14, 15, 196, 1384, 3882, 14.000000
2013-02-17 18:52:58 +0000, 16, 15, 15, 210, 1384, 3859, 15.000000
2013-02-17 18:53:00 +0000, 16, 15, 15, 210, 1384, 3893, 15.000000
2013-02-17 18:53:58 +0000, 17, 16, 15, 223, 1384, 3861, 16.000000
2013-02-17 18:54:00 +0000, 17, 16, 15, 223, 1384, 3895, 16.000000
2013-02-17 18:54:58 +0000, 18, 17, 15, 238, 1384, 3869, 17.000000
2013-02-17 18:55:00 +0000, 18, 17, 15, 238, 1384, 3898, 17.000000
2013-02-17 18:55:39 +0000, 18, 17, 20, 247, 1384, 3869, 17.000000
2013-02-17 18:55:59 +0000, 19, 18, 20, 252, 1384, 3865, 18.000000
2013-02-17 18:56:00 +0000, 19, 18, 20, 252, 1384, 3903, 18.000000
2013-02-17 18:56:59 +0000, 20, 19, 20, 266, 1384, 3881, 19.000000
2013-02-17 18:57:00 +0000, 20, 19, 20, 266, 1384, 3909, 19.000000
2013-02-17 18:57:59 +0000, 21, 20, 20, 280, 1384, 3873, 20.000000
2013-02-17 18:58:00 +0000, 21, 20, 20, 280, 1384, 3904, 20.000000
2013-02-17 18:59:00 +0000, 21, 20, 20, 290, 1384, 3914, 21.000000
2013-02-17 18:59:00 +0000, 22, 21, 20, 294, 1384, 3875, 21.000000
2013-02-17 18:59:20 +0000, 21, 20, 20, 278, 1366, 3868, 21.000000
2013-02-17 19:00:00 +0000, 21, 20, 20, 283, 1366, 3914, 21.000000
2013-02-17 19:00:00 +0000, 22, 21, 20, 288, 1366, 3882, 21.000000
2013-02-17 19:01:00 +0000, 22, 21, 20, 297, 1366, 3909, 22.000000
2013-02-17 19:01:00 +0000, 23, 22, 20, 302, 1366, 3885, 22.000000
2013-02-17 19:01:41 +0000, 23, 22, 25, 311, 1366, 3878, 22.000000
2013-02-17 19:02:00 +0000, 23, 22, 25, 311, 1366, 3919, 23.000000
2013-02-17 19:02:01 +0000, 24, 23, 25, 316, 1366, 3884, 23.000000
2013-02-17 19:03:00 +0000, 24, 23, 25, 325, 1366, 3919, 24.000000
2013-02-17 19:03:01 +0000, 25, 24, 25, 330, 1366, 3878, 24.000000
2013-02-17 19:04:00 +0000, 25, 24, 25, 340, 1366, 3923, 25.000000
2013-02-17 19:04:01 +0000, 26, 25, 25, 344, 1366, 3889, 25.000000
2013-02-17 19:05:00 +0000, 26, 25, 25, 354, 1366, 3926, 26.000000
2013-02-17 19:05:02 +0000, 27, 26, 25, 359, 1366, 3890, 26.000000
2013-02-17 19:06:00 +0000, 27, 26, 25, 368, 1366, 3928, 27.000000
2013-02-17 19:06:02 +0000, 28, 27, 25, 373, 1366, 3894, 27.000000
2013-02-17 19:06:22 +0000, 28, 27, 30, 377, 1366, 3896, 27.000000
2013-02-17 19:07:00 +0000, 28, 27, 30, 382, 1366, 3928, 28.000000
2013-02-17 19:07:02 +0000, 29, 28, 30, 387, 1366, 3897, 28.000000
2013-02-17 19:08:00 +0000, 29, 28, 30, 396, 1366, 3933, 29.000000
2013-02-17 19:08:03 +0000, 30, 29, 30, 401, 1366, 3889, 29.000000
2013-02-17 19:08:43 +0000, 31, 30, 30, 410, 1366, 3896, 30.000000
2013-02-17 19:09:00 +0000, 31, 30, 30, 410, 1366, 3935, 30.000000
2013-02-17 19:09:43 +0000, 32, 31, 30, 424, 1366, 3905, 31.000000
2013-02-17 19:10:00 +0000, 32, 31, 30, 424, 1366, 3939, 31.000000
2013-02-17 19:10:44 +0000, 33, 32, 30, 439, 1366, 3907, 32.000000
2013-02-17 19:11:00 +0000, 33, 32, 30, 439, 1366, 3940, 32.000000
2013-02-17 19:11:24 +0000, 33, 32, 35, 448, 1366, 3906, 32.000000
2013-02-17 19:11:44 +0000, 34, 33, 35, 452, 1366, 3912, 33.000000
2013-02-17 19:12:00 +0000, 34, 33, 35, 452, 1366, 3946, 33.000000
2013-02-17 19:12:44 +0000, 35, 34, 35, 466, 1366, 3924, 34.000000
2013-02-17 19:13:00 +0000, 35, 34, 35, 466, 1366, 3948, 34.000000
2013-02-17 19:13:45 +0000, 36, 35, 35, 481, 1366, 3917, 35.000000
2013-02-17 19:14:00 +0000, 36, 35, 35, 481, 1366, 3953, 35.000000
2013-02-17 19:14:45 +0000, 37, 36, 35, 495, 1366, 3923, 36.000000
2013-02-17 19:15:00 +0000, 37, 36, 35, 495, 1366, 3955, 36.000000
2013-02-17 19:15:45 +0000, 38, 37, 35, 509, 1366, 3927, 37.000000
2013-02-17 19:16:00 +0000, 38, 37, 35, 509, 1366, 3960, 37.000000
2013-02-17 19:16:06 +0000, 38, 37, 40, 513, 1366, 3929, 37.000000
2013-02-17 19:16:46 +0000, 39, 38, 40, 523, 1366, 3929, 38.000000
2013-02-17 19:17:00 +0000, 39, 38, 40, 523, 1366, 3963, 38.000000
2013-02-17 19:17:46 +0000, 40, 39, 40, 537, 1366, 3925, 39.000000
2013-02-17 19:18:00 +0000, 40, 39, 40, 537, 1366, 3967, 39.000000
2013-02-17 19:18:47 +0000, 41, 40, 40, 551, 1366, 3939, 40.000000
2013-02-17 19:19:00 +0000, 41, 40, 40, 551, 1366, 3971, 40.000000
2013-02-17 19:19:47 +0000, 42, 41, 40, 565, 1366, 3950, 41.000000
2013-02-17 19:20:00 +0000, 42, 41, 40, 565, 1366, 3974, 41.000000
2013-02-17 19:20:27 +0000, 43, 42, 40, 574, 1366, 3943, 42.000000
2013-02-17 19:21:00 +0000, 43, 42, 40, 579, 1366, 3977, 42.000000
2013-02-17 19:21:07 +0000, 43, 42, 45, 583, 1366, 3944, 42.000000
2013-02-17 19:21:27 +0000, 44, 43, 45, 588, 1366, 3949, 43.000000
2013-02-17 19:22:00 +0000, 44, 43, 45, 593, 1366, 3981, 43.000000
2013-02-17 19:22:28 +0000, 45, 44, 45, 602, 1366, 3936, 44.000000
2013-02-17 19:23:00 +0000, 45, 44, 45, 607, 1366, 3985, 44.000000
2013-02-17 19:23:28 +0000, 46, 45, 45, 616, 1366, 3958, 45.000000
2013-02-17 19:24:00 +0000, 46, 45, 45, 621, 1366, 3988, 45.000000
2013-02-17 19:24:28 +0000, 47, 46, 45, 630, 1366, 3957, 46.000000
2013-02-17 19:25:00 +0000, 47, 46, 45, 635, 1366, 3994, 46.000000
2013-02-17 19:25:29 +0000, 48, 47, 45, 644, 1366, 3966, 47.000000
2013-02-17 19:26:00 +0000, 48, 47, 45, 648, 1366, 3998, 47.000000
2013-02-17 19:26:09 +0000, 48, 47, 50, 653, 1366, 3970, 47.000000
2013-02-17 19:26:29 +0000, 49, 48, 50, 658, 1366, 3965, 48.000000
2013-02-17 19:27:00 +0000, 49, 48, 50, 662, 1366, 3999, 48.000000
2013-02-17 19:27:29 +0000, 50, 49, 50, 672, 1366, 3974, 49.000000
2013-02-17 19:28:00 +0000, 50, 49, 50, 676, 1366, 4009, 49.000000
2013-02-17 19:28:30 +0000, 51, 50, 50, 686, 1366, 3975, 50.000000
2013-02-17 19:29:00 +0000, 51, 50, 50, 690, 1366, 4013, 51.000000
2013-02-17 19:29:30 +0000, 52, 51, 50, 700, 1366, 3979, 51.000000
2013-02-17 19:30:00 +0000, 52, 51, 50, 704, 1366, 4018, 52.000000
2013-02-17 19:30:31 +0000, 53, 52, 50, 713, 1366, 3980, 52.000000
2013-02-17 19:30:51 +0000, 53, 52, 55, 718, 1366, 3991, 52.000000
2013-02-17 19:31:00 +0000, 53, 52, 55, 718, 1366, 4021, 53.000000
2013-02-17 19:31:31 +0000, 54, 53, 55, 727, 1366, 3988, 53.000000
2013-02-17 19:32:00 +0000, 54, 53, 55, 732, 1366, 4027, 54.000000
2013-02-17 19:32:31 +0000, 55, 54, 55, 741, 1366, 4002, 54.000000
2013-02-17 19:33:00 +0000, 55, 54, 55, 746, 1366, 4031, 55.000000
2013-02-17 19:33:32 +0000, 56, 55, 55, 755, 1366, 4004, 55.000000
2013-02-17 19:34:00 +0000, 56, 55, 55, 760, 1366, 4038, 56.000000
2013-02-17 19:34:32 +0000, 57, 56, 55, 769, 1366, 4000, 56.000000
2013-02-17 19:35:00 +0000, 57, 56, 55, 773, 1366, 4040, 57.000000
2013-02-17 19:35:32 +0000, 58, 57, 55, 782, 1366, 4011, 57.000000
2013-02-17 19:35:52 +0000, 58, 57, 60, 787, 1366, 4015, 57.000000
2013-02-17 19:36:00 +0000, 58, 57, 60, 787, 1366, 4049, 58.000000
2013-02-17 19:36:33 +0000, 59, 58, 60, 796, 1366, 4016, 58.000000
2013-02-17 19:37:00 +0000, 59, 58, 60, 801, 1366, 4052, 59.000000
2013-02-17 19:37:13 +0000, 60, 59, 60, 806, 1366, 4027, 59.000000
2013-02-17 19:38:00 +0000, 60, 59, 60, 815, 1366, 4062, 60.000000
2013-02-17 19:38:33 +0000, 61, 60, 60, 824, 1366, 4033, 60.000000
2013-02-17 19:39:00 +0000, 61, 60, 60, 828, 1366, 4068, 61.000000
2013-02-17 19:39:34 +0000, 62, 61, 60, 837, 1366, 4037, 61.000000
2013-02-17 19:40:00 +0000, 62, 61, 60, 842, 1366, 4070, 62.000000
2013-02-17 19:40:14 +0000, 63, 62, 60, 847, 1366, 4030, 62.000000
2013-02-17 19:40:54 +0000, 63, 62, 65, 856, 1366, 4039, 62.000000
2013-02-17 19:41:00 +0000, 63, 62, 65, 856, 1366, 4078, 63.000000
2013-02-17 19:41:34 +0000, 64, 63, 65, 865, 1366, 4048, 63.000000
2013-02-17 19:42:00 +0000, 64, 63, 65, 869, 1366, 4085, 64.000000
2013-02-17 19:42:35 +0000, 65, 64, 65, 878, 1366, 4050, 64.000000
2013-02-17 19:43:00 +0000, 65, 64, 65, 883, 1366, 4090, 65.000000
2013-02-17 19:43:35 +0000, 66, 65, 65, 892, 1366, 4059, 65.000000
2013-02-17 19:44:00 +0000, 66, 65, 65, 897, 1366, 4098, 66.000000
2013-02-17 19:44:35 +0000, 67, 66, 65, 906, 1366, 4070, 66.000000
2013-02-17 19:45:00 +0000, 67, 66, 65, 910, 1366, 4104, 67.000000
2013-02-17 19:45:36 +0000, 68, 67, 65, 919, 1366, 4070, 67.000000
2013-02-17 19:45:56 +0000, 68, 67, 70, 924, 1366, 4084, 67.000000
2013-02-17 19:46:00 +0000, 68, 67, 70, 924, 1366, 4112, 68.000000
2013-02-17 19:46:36 +0000, 69, 68, 70, 933, 1366, 4074, 68.000000
2013-02-17 19:47:00 +0000, 69, 68, 70, 938, 1366, 4118, 69.000000
2013-02-17 19:47:36 +0000, 70, 69, 70, 947, 1366, 4091, 69.000000
2013-02-17 19:48:00 +0000, 70, 69, 70, 951, 1366, 4127, 70.000000
2013-02-17 19:48:37 +0000, 71, 70, 70, 960, 1366, 4099, 70.000000
2013-02-17 19:49:00 +0000, 71, 70, 70, 965, 1366, 4134, 71.000000
2013-02-17 19:49:37 +0000, 72, 71, 70, 974, 1366, 4111, 71.000000
2013-02-17 19:50:00 +0000, 72, 71, 70, 978, 1366, 4143, 72.000000
2013-02-17 19:50:38 +0000, 73, 72, 70, 987, 1366, 4115, 72.000000
2013-02-17 19:50:58 +0000, 73, 72, 75, 992, 1366, 4124, 72.000000
2013-02-17 19:51:00 +0000, 73, 72, 75, 992, 1366, 4150, 73.000000
2013-02-17 19:51:38 +0000, 74, 73, 75, 1001, 1366, 4123, 73.000000
2013-02-17 19:52:00 +0000, 74, 73, 75, 1005, 1366, 4156, 74.000000
2013-02-17 19:52:38 +0000, 75, 74, 75, 1014, 1366, 4136, 74.000000
2013-02-17 19:53:00 +0000, 75, 74, 75, 1019, 1366, 4167, 75.000000
2013-02-17 19:53:39 +0000, 76, 75, 75, 1027, 1366, 4141, 75.000000
2013-02-17 19:54:00 +0000, 76, 75, 75, 1032, 1366, 4173, 76.000000
2013-02-17 19:54:39 +0000, 77, 76, 75, 1041, 1366, 4146, 76.000000
2013-02-17 19:55:00 +0000, 77, 76, 75, 1046, 1366, 4180, 77.000000
2013-02-17 19:55:39 +0000, 78, 77, 75, 1054, 1366, 4154, 77.000000
2013-02-17 19:55:59 +0000, 78, 77, 80, 1059, 1366, 4157, 77.000000
2013-02-17 19:56:00 +0000, 78, 77, 80, 1059, 1366, 4189, 78.000000
2013-02-17 19:56:40 +0000, 79, 78, 80, 1068, 1366, 4168, 78.000000
2013-02-17 19:57:00 +0000, 79, 78, 80, 1068, 1366, 4199, 78.000000
2013-02-17 19:57:40 +0000, 80, 79, 80, 1081, 1366, 4171, 79.000000
2013-02-17 19:58:00 +0000, 80, 79, 80, 1081, 1366, 4206, 79.000000
2013-02-17 19:58:40 +0000, 81, 80, 80, 1095, 1366, 4165, 80.000000
2013-02-17 19:59:00 +0000, 81, 80, 80, 1095, 1366, 4210, 80.000000
2013-02-17 19:59:41 +0000, 82, 81, 80, 1107, 1366, 4184, 81.000000
2013-02-17 20:00:00 +0000, 82, 81, 80, 1107, 1366, 4215, 81.000000
2013-02-17 20:01:00 +0000, 82, 81, 80, 1119, 1366, 4223, 82.000000
2013-02-17 20:01:01 +0000, 83, 82, 80, 1123, 1366, 4182, 82.000000
2013-02-17 20:01:21 +0000, 83, 82, 85, 1128, 1366, 4197, 82.000000
2013-02-17 20:02:00 +0000, 83, 82, 85, 1132, 1366, 4228, 83.000000
2013-02-17 20:02:01 +0000, 84, 83, 85, 1136, 1366, 4204, 83.000000
2013-02-17 20:03:00 +0000, 84, 83, 85, 1144, 1366, 4234, 84.000000
2013-02-17 20:03:02 +0000, 85, 84, 85, 1148, 1366, 4206, 84.000000
2013-02-17 20:04:00 +0000, 85, 84, 85, 1156, 1366, 4242, 85.000000
2013-02-17 20:04:22 +0000, 86, 85, 85, 1163, 1366, 4203, 85.000000
2013-02-17 20:05:00 +0000, 86, 85, 85, 1167, 1366, 4243, 85.000000
2013-02-17 20:05:43 +0000, 87, 86, 85, 1178, 1366, 4222, 86.000000
2013-02-17 20:06:00 +0000, 87, 86, 85, 1178, 1366, 4245, 86.000000
2013-02-17 20:07:00 +0000, 87, 86, 85, 1188, 1366, 4247, 87.000000
2013-02-17 20:07:03 +0000, 88, 87, 85, 1192, 1366, 4230, 87.000000
2013-02-17 20:07:43 +0000, 88, 87, 90, 1198, 1366, 4233, 87.000000
2013-02-17 20:08:00 +0000, 88, 87, 90, 1198, 1366, 4250, 88.000000
2013-02-17 20:08:24 +0000, 89, 88, 90, 1204, 1366, 4237, 88.000000
2013-02-17 20:09:00 +0000, 89, 88, 90, 1207, 1366, 4250, 88.000000
2013-02-17 20:09:44 +0000, 90, 89, 90, 1216, 1366, 4241, 89.000000
2013-02-17 20:10:00 +0000, 90, 89, 90, 1216, 1366, 4249, 89.000000
2013-02-17 20:11:00 +0000, 90, 89, 90, 1225, 1366, 4250, 90.000000
2013-02-17 20:11:25 +0000, 91, 90, 90, 1230, 1366, 4247, 90.000000
2013-02-17 20:12:00 +0000, 91, 90, 90, 1233, 1366, 4249, 90.000000
2013-02-17 20:13:00 +0000, 91, 90, 90, 1240, 1366, 4250, 91.000000
2013-02-17 20:13:25 +0000, 92, 91, 90, 1245, 1366, 4253, 91.000000
2013-02-17 20:14:00 +0000, 92, 91, 90, 1247, 1366, 4254, 91.000000
2013-02-17 20:15:00 +0000, 92, 91, 90, 1254, 1366, 4255, 92.000000
2013-02-17 20:15:06 +0000, 93, 92, 90, 1257, 1366, 4257, 92.000000
2013-02-17 20:16:00 +0000, 93, 92, 90, 1261, 1366, 4259, 92.000000
2013-02-17 20:16:26 +0000, 93, 92, 95, 1265, 1366, 4259, 92.000000
2013-02-17 20:17:00 +0000, 93, 92, 95, 1267, 1366, 4258, 93.000000
2013-02-17 20:17:27 +0000, 94, 93, 95, 1271, 1366, 4260, 93.000000
2013-02-17 20:18:00 +0000, 94, 93, 95, 1273, 1366, 4259, 93.000000
2013-02-17 20:19:00 +0000, 94, 93, 95, 1279, 1366, 4260, 94.000000
2013-02-17 20:20:00 +0000, 94, 93, 95, 1284, 1366, 4260, 94.000000
2013-02-17 20:20:08 +0000, 95, 94, 95, 1286, 1366, 4261, 94.000000
2013-02-17 20:21:00 +0000, 95, 94, 95, 1289, 1366, 4261, 94.000000
2013-02-17 20:22:00 +0000, 95, 94, 95, 1294, 1366, 4265, 95.000000
2013-02-17 20:22:49 +0000, 96, 95, 95, 1298, 1366, 4261, 95.000000
2013-02-17 20:23:00 +0000, 96, 95, 95, 1298, 1366, 4260, 95.000000
2013-02-17 20:24:00 +0000, 96, 95, 95, 1303, 1366, 4265, 95.000000
2013-02-17 20:25:00 +0000, 96, 95, 95, 1307, 1366, 4266, 96.000000
2013-02-17 20:26:00 +0000, 96, 95, 95, 1311, 1366, 4262, 96.000000
2013-02-17 20:26:10 +0000, 97, 96, 95, 1312, 1366, 4265, 96.000000
2013-02-17 20:27:00 +0000, 97, 96, 95, 1314, 1366, 4265, 96.000000
2013-02-17 20:28:00 +0000, 97, 96, 95, 1318, 1366, 4266, 96.000000
2013-02-17 20:29:00 +0000, 97, 96, 95, 1321, 1366, 4266, 97.000000
2013-02-17 20:30:00 +0000, 97, 96, 95, 1324, 1366, 4267, 97.000000
2013-02-17 20:30:31 +0000, 98, 97, 95, 1326, 1366, 4268, 97.000000
2013-02-17 20:31:00 +0000, 98, 97, 95, 1327, 1366, 4267, 97.000000
2013-02-17 20:32:00 +0000, 98, 97, 95, 1330, 1366, 4267, 97.000000
2013-02-17 20:32:32 +0000, 98, 97, 100, 1332, 1366, 4266, 97.000000
2013-02-17 20:33:00 +0000, 98, 97, 100, 1333, 1366, 4269, 98.000000
2013-02-17 20:34:00 +0000, 98, 97, 100, 1336, 1366, 4268, 98.000000
2013-02-17 20:35:00 +0000, 98, 97, 100, 1338, 1366, 4266, 98.000000
2013-02-17 20:35:13 +0000, 99, 98, 100, 1339, 1366, 4269, 98.000000
2013-02-17 20:36:00 +0000, 99, 98, 100, 1340, 1366, 4267, 98.000000
2013-02-17 20:37:00 +0000, 99, 98, 100, 1343, 1366, 4267, 98.000000
2013-02-17 20:38:00 +0000, 99, 98, 100, 1345, 1366, 4271, 98.000000
2013-02-17 20:39:00 +0000, 99, 98, 100, 1347, 1366, 4270, 99.000000
2013-02-17 20:40:00 +0000, 99, 98, 100, 1349, 1366, 4270, 99.000000
2013-02-17 20:41:00 +0000, 99, 98, 100, 1351, 1366, 4271, 99.000000
2013-02-17 20:41:55 +0000, 100, 99, 100, 1353, 1366, 4272, 99.000000
2013-02-17 20:42:00 +0000, 100, 99, 100, 1353, 1366, 4271, 99.000000
2013-02-17 20:43:00 +0000, 100, 99, 100, 1354, 1366, 4270, 99.000000
2013-02-17 20:43:49 +0000, 100, 99, 100, 1355, 1366, 4271, 99.000000
2013-02-17 20:44:00 +0000, 100, 99, 100, 1356, 1366, 4271, 99.000000
2013-02-17 20:44:09 +0000, 100, 99, 100, 1356, 1366, 4272, 99.000000
2013-02-17 20:45:00 +0000, 100, 99, 100, 1357, 1366, 4269, 99.000000
2013-02-17 20:46:00 +0000, 100, 99, 100, 1359, 1366, 4271, 99.000000
2013-02-17 20:47:00 +0000, 100, 99, 100, 1360, 1366, 4271, 99.000000
2013-02-17 20:48:00 +0000, 100, 99, 100, 1362, 1366, 4271, 99.000000
2013-02-17 20:49:00 +0000, 100, 99, 100, 1363, 1366, 4270, 99.000000
2013-02-17 20:50:00 +0000, 100, 99, 100, 1364, 1366, 4273, 99.000000
2013-02-17 20:50:18 +0000, 100, 99, 100, 1365, 1366, 4272, 99.000000
2013-02-17 20:51:00 +0000, 100, 99, 100, 1365, 1366, 4268, 99.000000
2013-02-17 20:52:00 +0000, 100, 100, 100, 1366, 1366, 4272, 99.000000
2013-02-17 20:53:00 +0000, 100, 100, 100, 1366, 1366, 4271, 99.000000
2013-02-17 20:54:00 +0000, 100, 100, 100, 1366, 1366, 4272, 99.000000
2013-02-17 20:54:49 +0000, 100, 100, 100, 1366, 1366, 4263, 99.000000
2013-02-17 20:55:00 +0000, 100, 100, 100, 1366, 1366, 4272, 99.000000
2013-02-17 20:56:00 +0000, 100, 100, 100, 1366, 1366, 4273, 99.000000
2013-02-17 20:56:22 +0000, 100, 100, 100, 1366, 1366, 4271, 99.000000
2013-02-17 20:57:00 +0000, 100, 100, 100, 1366, 1366, 4271, 99.000000
2013-02-17 20:58:00 +0000, 100, 100, 100, 1366, 1366, 4279, 99.000000
2013-02-17 20:59:00 +0000, 100, 100, 100, 1366, 1366, 4270, 99.000000
2013-02-17 21:00:00 +0000, 100, 100, 100, 1366, 1366, 4272, 99.000000
2013-02-17 21:01:00 +0000, 100, 100, 100, 1366, 1366, 4269, 99.000000
2013-02-17 21:02:00 +0000, 100, 100, 100, 1366, 1366, 4274, 99.000000
2013-02-17 21:03:00 +0000, 100, 100, 100, 1366, 1366, 4271, 99.000000
2013-02-17 21:04:00 +0000, 100, 100, 100, 1366, 1366, 4273, 99.000000
2013-02-17 21:05:00 +0000, 100, 100, 100, 1366, 1366, 4273, 99.000000
2013-02-17 21:06:00 +0000, 100, 100, 100, 1366, 1366, 4274, 99.000000
2013-02-17 21:07:00 +0000, 100, 100, 100, 1366, 1366, 4270, 99.000000
2013-02-17 21:08:00 +0000, 100, 100, 100, 1366, 1366, 4273, 99.000000
2013-02-17 21:09:00 +0000, 100, 100, 100, 1366, 1366, 4272, 99.000000
2013-02-17 21:10:00 +0000, 100, 100, 100, 1366, 1366, 4274, 99.000000
2013-02-17 21:11:00 +0000, 100, 100, 100, 1366, 1366, 4269, 99.000000
2013-02-17 21:12:00 +0000, 100, 100, 100, 1366, 1366, 4271, 99.000000
2013-02-17 21:13:00 +0000, 100, 100, 100, 1366, 1366, 4273, 99.000000
2013-02-17 21:14:00 +0000, 100, 100, 100, 1366, 1366, 4272, 99.000000
2013-02-17 21:15:00 +0000, 100, 100, 100, 1366, 1366, 4272, 99.000000
2013-02-17 21:16:00 +0000, 100, 100, 100, 1366, 1366, 4272, 99.000000
2013-02-17 21:17:00 +0000, 100, 100, 100, 1366, 1366, 4271, 99.000000
2013-02-17 21:18:00 +0000, 100, 100, 100, 1366, 1366, 4276, 99.000000
2013-02-17 21:19:00 +0000, 100, 100, 100, 1366, 1366, 4275, 99.000000
2013-02-17 21:20:00 +0000, 100, 100, 100, 1366, 1366, 4275, 99.000000
2013-02-17 21:21:00 +0000, 100, 100, 100, 1366, 1366, 4273, 99.000000
2013-02-17 21:22:00 +0000, 100, 100, 100, 1366, 1366, 4275, 99.000000
2013-02-17 21:23:00 +0000, 100, 100, 100, 1366, 1366, 4273, 99.000000
2013-02-17 21:24:00 +0000, 100, 100, 100, 1366, 1366, 4273, 99.000000
2013-02-17 21:25:00 +0000, 100, 100, 100, 1366, 1366, 4279, 99.000000
2013-02-17 21:26:00 +0000, 100, 100, 100, 1366, 1366, 4277, 99.000000
2013-02-17 21:27:00 +0000, 100, 100, 100, 1366, 1366, 4274, 99.000000
2013-02-17 21:27:18 +0000, 100, 100, 100, 1366, 1366, 4278, 99.000000
2013-02-17 21:27:21 +0000, 100, 100, 100, 1366, 1366, 4277, 99.000000
2013-02-17 21:27:31 +0000, 100, 100, 100, 1366, 1366, 4273, 99.000000
2013-02-17 21:28:00 +0000, 100, 100, 100, 1366, 1366, 4273, 100.000000
2013-02-17 21:29:00 +0000, 100, 100, 100, 1366, 1366, 4268, 100.000000
2013-02-17 21:30:00 +0000, 100, 100, 100, 1366, 1366, 4271, 100.000000
2013-02-17 21:31:00 +0000, 100, 100, 100, 1366, 1366, 4268, 100.000000
2013-02-17 21:32:00 +0000, 100, 100, 100, 1366, 1366, 4266, 100.000000
